Андрей Батина днюха;2005-04-02 Андрей Батина днюха
Андрей Дашкино ДР;2005-07-04 Андрей Дашкино ДР
Андрей Бригада;2005-07-26 Андрей Бригада
Андрей рождаки;2005-07-29 Андрей рождаки
Андрей 2005.08.13;2005-08-13 Андрей
Андрей Последняя вылазка на природу в 5 году;2005-10-01 Андрей Последняя вылазка на природу в году
Андрей моя др;2005-11-12 Андрей моя др
Андрей МСК;2005-12-17 Андрей МСК
Андрей Днюха пуха;2005-12-24 Андрей Днюха пуха
Андрей Ич днюха;2006-03-01 Андрей Ич днюха
Андрей 2006.04.02;2006-04-02 Андрей
Андрей 2006.05.07-08;2006-05-07 Андрей
Андрей ДР вити;2006-10-26 Андрей ДР вити
Андрей 2006.10.27 др;2006-10-27 Андрей др
Андрей 09.11.06 моя др;2006-11-09 Андрей моя др
Андрей 2006.12.20;2006-12-20 Андрей
Андрей НГ;2006-12-25 Андрей НГ
Андрей 2007.01.01;2007-01-01 Андрей
Андрей У насти дома;2007-01-19 Андрей У насти дома
Андрей 2007.04.07 батина др;2007-04-07 Андрей батина др
Андрей 02.06.07ДР Пинчера;2007-06-02 Андрей ДР Пинчера
Андрей 2007.06.10 дачники;2007-06-10 Андрей дачники
Андрей 16.06.07 лелика ДР;2007-06-16 Андрей лелика ДР
Андрей, видимо день рождение в детстве I;2007-07-12 Андрей видимо день рождение в детстве I
Андрей Последнее;2008-03-04 Андрей Последнее
Андрей 29.03.08 др ича;2008-03-29 Андрей др ича
Андрей 11-15.06.08 Мегапоход;2008-06-11 Андрей Мегапоход
Андрей павлик-журавлик футбол финал;2008-06-11 Андрей павликжуравлик футбол финал
Андрей 08.07.05 стройка;2008-07-05 Андрей стройка
Андрей плот;2008-07-19 Андрей плот
Андрей Поход;2008-08-26 Андрей Поход
Андрей обмыв машины БУБОН;2008-10-24 Андрей обмыв машины БУБОН
Андрей 21.12.2008;2008-12-21 Андрей
Андрей 06.01.2009 Санки1;2009-01-06 Андрей Санки
Андрей 07.01.2009 сани2;2009-01-07 Андрей сани
Андрей, Катин День рождение 12.06.09;2009-06-12 Андрей Катин День рождение
Андрей, Дашин день рождение 4.07.09;2009-07-04 Андрей Дашин день рождение
Aдрей Андреевское;2009-07-20 Aдрей Андреевское
Андрей ДР 09,11,08;2009-09-11 Андрей ДР
Андрей 08.12.09 Прогулки по лесв;2009-12-08 Андрей Прогулки по лесв
Андрей НГ 2010;2010-01-01 Андрей НГ
Андрей Свадьба Медведевых;2010-07-09 Андрей Свадьба Медведевых
Андрей, Египет 2010;2010-09-04 Андрей Египет
Андрей день рождение 2010;2010-09-11 Андрей день рождение
АиН 2011.03.26 др илья;2011-03-26 АиН др илья
Андрей 2011.04.02 ДР Бати 2011г (25 Лет);2011-04-02 Андрей ДР Бати г (25 Лет)
АиН 08,05,2011 дача ича;2011-05-08 АиН дача ича
Андрей 11.06.07 дача бати;2011-06-07 Андрей дача бати
Андрей 2011.ДР Даша 25 лет 2011 год;2011-07-02 Андрей ДР Даша лет год
АиН 2011.09.03.пикник квань;2011-09-03 АиН пикник квань
АиН 10.09.2011 свадьба елисея;2011-09-10 АиН свадьба елисея
Андрей 2011.09.11новоселье наше;2011-09-11 Андрей новоселье наше
Андрей, День рождение 2011;2011-09-11 Андрей День рождение
Нина 16.09.2011 Отпуск у родителей;2011-09-16 Нина Отпуск у родителей
АиН2011.09.24 24 Глинтвейн;2011-09-24 АиН Глинтвейн
АиН 2011.10.20 свадьба Меньщиковых;2011-10-20 АиН свадьба Меньщиковых
Нина. Корпоратив 2011-2012;2011-12-01 Нина Корпоратив
АиН выборы 4.12.11;2011-12-04 АиН выборы
Андрей 2011.12.23.гости Данькина;2011-12-23 Андрей гости Данькина
АиН 2012.01.13.(Старый НГ);2012-01-13 АиН (Старый НГ)
АиН Катание на катке 14.01.2012;2012-01-14 АиН Катание на катке
АиН2012.01.21.Чемпионат лото 21 января;2012-01-21 АиНЧемпионат лото января
АиН2012.02.05.Кирилл Устинов ДР 26 лет 2012г;2012-02-05 АиНКирилл Устинов ДР 26 лет г
АиН 2012.03.09.Пикник к 8 марта (9 марта);2012-03-09 АиН Пикник к марта (9 марта)
Нина фото у работы 220512;2012-05-23 Нина фото у работы
Нина, АиН свадьба клинишкиных и сессия в волгограде;2012-05-27 Нина АиН свадьба клинишкиных и сессия в волгограде
АиН СЕНТЯБРЬ 2012, Египет для просмотра;2012-09-01 АиН СЕНТЯБРЬ Египет для просмотра
АиН СЕНТЯБРЬ 2012, Египет ОТПУСК;2012-09-01 АиН СЕНТЯБРЬ Египет ОТПУСК
Нина 090512 эстафета;2012-09-05 Нина эстафета
Андрей день рождение 2012;2012-09-11 Андрей день рождение
АиН новый 2013;2013-01-01 АиН новый
аин лыжи 13.01.2013;2013-01-13 аин лыжи
Кот 17.01.2013;2013-01-17 Кот
2013.03.04 Nina Sessia;2013-03-04 Nina Sessia
НА Свадьба Кожевниковых;2013-03-16 НА Свадьба Кожевниковых
2013.11.09 День рождение мужа;2013-11-09 День рождение мужа
2013.12.20 Копорати Андрея;2013-12-20 Копорати Андрея
2014 Н.Г работа;2014-01-01 НГ работа
Новый год 2014;2014-01-01 Новый год
2014.02.16 USA Andrew;2014-02-16 USA Andrew
АиН 2014 март отпуск;2014-03-01 АиН март отпуск
АиН март 2014 отпуск;2014-03-02 АиН март отпуск
2014may;2014-05-01 may
Америка;2014-05-03 Америка
лето 2014;2014-05-31 лето
2014,05,07 Папа ДР;2014-07-05 Папа ДР
ястребово;2014-07-11 ястребово
брынь;2014-07-25 брынь
брынь 2;2014-08-16 брынь
АиН ноябрь 2014 Египет;2014-09-01 АиН ноябрь Египет
АиН НГ 2015;2015-01-01 АиН НГ
новый год 2015 и день рождение мамы;2015-01-01 новый год и день рождение мамы
АиН 2015 отпуск (Вологда-Пермь);2015-05-16 АиН отпуск (ВологдаПермь)
2016MarchPerm;2016-01-01 MarchPerm
2016.12.25 Vipiska;2016-12-25 Vipiska Kate
2017.07 Нина отпуск;2017-07-01 Нина отпуск
2017.08solik;2017-08-01 solik
2017.09.03nina;2017-09-03 nina
2017.10 крещение Кати;2017-10-01 крещение Кати
АиН 01.01.2018 фотосессия Илья;2018-01-01 АиН фотосессия Илья
2020.03.03 Утренник 8 марта;2020-03-03 Утренник марта
